chrom	marker	physical.position	LOD
V	V:531331-991635	798528	4.99092040182537
II	II:1379802-2107554	1934726	3.88258718093961
X	X:33989-17718298	33989	1.44237655772038
I	I:6313-15066936	1561582	0.756334461336078
III	III:6317-13780512	1355048	0.63672769536684
IV	IV:23876-17491538	23876	0.386022289122844
