chrom	marker	physical.position	LOD
II	II:6418-3976217	3864876	15.243938100808
X	X:15466597-17168877	16375182	8.3165428207904
III	III:9635960-13559050	9985878	7.79048374570813
IV	IV:49792-681926	49792	5.26379315032418
V	V:2564179-15856109	3001533	4.0183535223649
I	I:8072-15066936	9255220	2.03420474126379
