chrom	marker	physical.position	LOD
IV	IV:17468818-17491538	17491538	23.3462657467436
III	III:13601514-13783557	13783557	20.7134863804819
X	X:16221414-17688131	16987034	20.1255074638405
II	II:180545-3037277	771880	16.9332256251631
V	V:18838347-20028875	19300550	7.62517969697824
I	I:14958186-15066936	15066936	7.42555006247721
