chrom	marker	physical.position	LOD
X	X:6333260-9750393	7738717	29.8385528875033
II	II:40825-673271	349232	16.3317804882839
V	V:18956421-20923523	20059094	13.9480797422036
IV	IV:6141343-10223874	7780286	12.9028566407913
III	III:10258472-11685652	11084160	12.8812503937003
I	I:3876356-11528741	5711313	8.99975702586161
