chrom	marker	physical.position	LOD
V	V:20867097-20923523	20923523	104.125193430323
X	X:8232975-12342499	8788189	45.5337805386039
III	III:11087674-11425860	11245482	37.8294195162914
I	I:8714270-10964578	10128643	22.9909859091792
IV	IV:8474549-11466040	10327476	18.5298597800513
II	II:3481837-14563014	3784646	3.12925270454061
