chrom	marker	physical.position	LOD
V	V:20852155-20923523	20923523	105.216857634885
X	X:11292014-12117661	11632335	42.1740025529128
III	III:10946445-11411689	11182507	33.2728803781112
IV	IV:8014232-11323350	9742469	17.5823592296201
I	I:8797531-11436350	10128643	10.1753625248194
II	II:1854725-3901901	1987321	4.56573644053833
