chrom	marker	physical.position	LOD
V	V:19550718-20923523	20923523	6.44059520247219
III	III:9639990-12548035	11095206	3.81011107929755
II	II:1579535-2581537	2170808	3.1199624149145
IV	IV:4493038-15446774	7452661	2.88253633394328
X	X:1557202-17657012	9119547	2.64053020141363
I	I:38135-15066936	5745931	1.14394555493723
