chrom	marker	physical.position	LOD
X	X:11648554-12407712	12118387	52.3591875025447
V	V:20797861-20923523	20923523	34.4732547345008
I	I:4540000-10837723	10112418	21.5258976495282
IV	IV:9039997-11366120	10290214	17.0762228118142
III	III:6145-11734125	11380954	10.2892597027664
II	II:3768723-15278575	14029121	3.70345374680082
