chrom	marker	physical.position	LOD
V	V:20219608-20923523	20923523	9.13669055849376
III	III:10176065-11957666	11190666	5.26357610966525
X	X:3733606-17692964	10666353	3.39480851578531
IV	IV:3447921-17391938	6323122	3.2680035067334
II	II:7241-15274701	1864016	1.84594947802734
I	I:38135-15066936	12244701	1.33505608202916
