chrom	marker	physical.position	LOD
II	II:7241-15274701	2052237	1.32662564039519
V	V:5446-20923523	5587156	0.226652393052636
X	X:122081-17692964	17692964	0.0958064619178001
IV	IV:63115-17391938	63115	0.0837386583211416
III	III:14544-13780512	4209376	0.0722969570658893
I	I:38135-15066936	38135	0
